-- Inserção de Usuários
INSERT INTO public.users (id, fullname, login, "name", "password", profile_img, "role", username) VALUES('d6655e0d-a921-46e3-b367-876f00467dad', 'Rodolfo Brandão', 'rodolfobrandao', 'Rodolfo', '$2a$10$wlK/ZARLjRC4Vd8xO.soS.Xq7Ys13KBqQEmIIkyASHZ0M6IV7mtMO', '/9j/4AAQSkZJRgABAQAAAQABAAD/2wBDAAMCAgMCAgMDAwMEAwMEBQgFBQQEBQoHBwYIDAoMDAsKCwsNDhIQDQ4RDgsLEBYQERMUFRUVDA8XGBYUGBIUFRT/2wBDAQMEBAUEBQkFBQkUDQsNFBQUFBQUFBQUFBQUFBQUFBQUFBQUFBQUFBQUFBQUFBQUFBQUFBQUFBQUFBQUFBQUFBT/wgARCADIAMgDASIAAhEBAxEB/8QAHAABAAIDAQEBAAAAAAAAAAAAAAQFAwYHAgEI/8QAHAEBAAICAwEAAAAAAAAAAAAAAAMEAgUBBggH/9oADAMBAAIQAxAAAAHjY9MboAAAAfKz55rfXyrC1+I/Ys5A74AAAAAAAAAdI0Dvfyi7+coH6J1n5THwOTkw7/U7UPR10AAAAAAAADb7zzk85bLDAnVPXsOe+dld1pVw+84gAAAAAAAGSyqc4vc2i89ugaPqsvTcbDC9ePQmYdkwAAAAAAAl77qO3/Eeb/HBwfPW/wCg73VWsdMsup/m+avT/fVp3SSoZMf2aUJgAAAAAza/i4va/wAeba2xxMPuHPs1LcVViTV+T3WKSjXWeedDLF1ORqnYZdhHoGcAAAABZQb/AOTQSajPUfOK23e8GaOfrFVM5zxbhY8jKj6pq2ZzxS1VjX7fK6Hou2AAAAB66RzXafPdTV63rmuaHD7b63dcZ7lz2Yy5zVcrRuY8O2YZPOOrV1tXbqS3HoW4AAAAAxZfPUY9/wCkcD738Bz5jWfoTitexHxR6nbaeNpd1rmcfUMWSNDPrmTBP79NlH2OwAAAAABj7fyy488ydT57CgdTs11DvXm9pue7tcUeOWKB81OWLNe09x9psh3iYAAAAB1Dl+1dRm7f91qP522E3m1xyaWludZRVm20V3WQvDnFa19v2eew+n3S4HIAAAAB68/MG7QdMvfMNeJjsftrXU1hmxlRW3tXFLAkYPe4sXw9CXAAAAAAHkocfJh5ro/Zpcq+MRxzCrCOSD7NvZvB6FtgAAAf/8QAKRAAAgICAQMEAgIDAQAAAAAAAgMBBAAFERITMAYhI0AUMSIkFTI0M//aAAgBAQABBQLySUDnXGcT9aZgYKwBYm72s/MjhL4fH1Kvp0LOksaOysp1joBkyE0mfP8ATrLFtgSX0N6Rm2QZfifyafJWfp6HV/nDXBmtqr9QC7HMhkXB6W0ldP1PT1sKlO5ZXesv1IcFEJxKBdYu8Qf06oC4EwykR25NOy2PTlWz2KszzP0QWbJHU2yz/D3Rxu/IAPZublLXutuOIg/oVK82rFejXViiFcG2Rn0vT7h7CiqXUtF+We3itoKYRkxxPn1Uf2EFyHX/ACezllO1YVqCtVbTHyurV2DzvOGeIJffE1yufNR+LKTOa4lyTC+RSo1mrXrlMseqNkQIaXGKLiKySLGpCBYS+55FDyUq+OkfwAXEJ/k7abQUq1bJDV2WndtsrjiKsKwmQodjbOYRyVnyIERwn81qbPj5+JYG4169VNW52P8AU/1xfvnOTY782JxH/T4wGSIYSEbEl1V0T5XHuqu6UN/HadWwzuTx3DLmZ2d6cVXKVWpiGV/+jxqKIamiF1O/qTVKkz+FJkmGvbCbe22h28JsyfsA3H9lOvrzsbLFyC7I4mOLPjGeg61xgZXKONhqhcWv5Al9A2LFgupSIWtzOgdxb6op1O1TnpaFxixymPJ+RTprFpO2wu2Jhtah13W7sKytHSp9kF5audcWD7jK6yCmTOVuCBmrHx+SY5ym7ss1FaWVikVr9U6oKtwy61sSsctvEcEupyi7yOvnLVjrFY9IeUs9O7td3UHtlDDzFqa7eqqwjYwtNcJlHVJq17Kvx5O3wMzL7HmV6f2N0KPpva6ttlWzHK6L16yykgTGgtcubyJbGEsvXwICsGM0Fz5vTSaYVl3hPG3OMsW/bY+oEosBZ7irlzpw77FE67LiksRVgx/Xm0lwEkL3wLD9r18e2KINti12Rg+ZLuOmV508ZSL4/MJSBU9vXlFvasPCQViTr8CnXrCeiMdzElGFlEvl86Y91fyCPYijP1hft8cweHlOP7PmL9V49hLs4hvcWXvE5P6Z7YzJyl/7+H//xAAmEQACAQMDBAIDAQAAAAAAAAABAgADETESITAEECBBEyIUMlGR/9oACAEDAQE/AfLUJccfToGuTD0iXzLWfjRFCA+4NeGhpW+3GXVRZp+QX+qwsTwhrT5DEOxbIjVbnaKw4DtAd4TGpslO+IBeKv8AZr9edRvUU/aexKxQDNzBC1zaDI822beaB+ywZF47a22xCYBFyPN11TpkLnSJX6TSutIT/JftTzwUfkp1LhdpU6gjYg/5DTucwBKZhO8pDa/nSIVt58s6nqGwsv2pqL78JrPaEknfssXI4Dieu6xcjy//xAA5EQABAgMFBAUKBwEAAAAAAAABAgMABAUGERIhMRMgQVEQMGFxsRQyMzVCUoGh4fAiIyRykcHx0f/aAAgBAgEBPwHdmJhuUaU+8bkiH7azG2OwaGDt1ii2pTVH/J3W8CuGd9/V27n1Noakmz52Z+Gnz8I2qropmIzjOHXEPHq7Rzbk1VnsWiTcPh9YNw0iyaQ7U0XpvuBPd1Ts1LselcCe8gRV1tPVB5yWOJJP+/OCgJzVFDp0nJyyXJUeeASef3y6m1lVfdnDKsrIQnlxPG+NnfmYCOEYMos7aE079NNej4dn0hp1t9AcaN4O/PzaZGVXMK9kf5DilOkuL1MAQhQxXmCqFK5RQJ+Zk5xCG1fhUQCOGe/bCoY3EyKNBmf6hWkCM9IMBPGKN6xY/cPHfrrTrVReDnE3/A6RiOioEaawBBMUJkv1JlI53/xnv2gooqbW0a9InTt7P+RM/ledrDExecK4A59NjZfHOLe90eP2eotUZVypOBsj63Zw2yj2TG0uF10XrcEAZRZOTMvJF5Wqz8uG/alqYdpi/JibxmbuXGNgmG5dPHps0zLTU9splN+WXfAAAuG+u4JOLSFBJWTAAGnQqKAsoqbJHPqKgSmTeI90+EcelUUD1mz373//xAA2EAABAwIDBQUFCAMAAAAAAAABAAIRAyESMUEEIjBRYRNAUnGBECMyQpEFFCAzYqGxwUNy4f/aAAgBAQAGPwLiXMIXzR6d2koz6SrWWOGsdHxInXl3WTbaHb4RHZFXYUQU3r3Sm1xwtJueiHZu+iuEYsnnNM6d02l5+VuFvmi924wWDXZlOp1KZDhyR6pzSi7nl3TeeGy4nNA45bMYeidbdOqjNPqOYHyYEoDUd0rB+TRK7ag4vYLwckDMAiYWFpl5WHDL+ak9y3Wl3kF+Q4edk4bNFWoGOc+mPCF2b6GF4tGS1PQJuIG5sE4C4B7iymDEnNWYD1KgABOxehW11yPk7P8As/0n06jGlzDFwsNFgAGb4sEaVHf2qoIx6qO44uQUpqATWbCQHul7nls+g9EyrtTJdEGNU4sAZSY2bclUrOzcbDko+ZDRyvxyT4U3yQTneEStlGHFUaGtAGvNVdsIu87rNGc0zYW/NvO8tAhyUKcgr/usLTflxp6Jo9l9SB+6NNkYgM+SdXqzhaS66qVX/G8/TotSdFe5WIohN4oLj6JxboEFKa2mJe6o2Pqse0u7ar4dAqdAWx7zh/CxG3MrGfQKdE54+Btmo8UAZoCowz4wLI4MyEPZTeM+0CNeuTSpgTf4igZyKMXpz9fZ2FPMprG2aEQL8W7ZOkmyxPflrTBaU2KpcPA47yCLStmqOEgPn9kGYt0XgI0RmfiPJNAGSJT6hcQ1q3nw3kNVIEBN4mKJV6zNmH1KkA7R5NC7SjT+7vOhFiix264aFUe0ksxmw8isFIb38KMycz7MIVJ9J14uNCpI/wCLC25T3enF3WB7zq4SsVerLhkNF4h1XataXN5gZJuCH1XjdH9q9ycys1ZALCD1Cyvr7J5njsfUMzeE6wgKn9oUfy3We0fyhhdEq5lWUnJNfSdI5clldRhgpo40qTuVaIgtCF8RdmAto2eoTDfhB8JUD5bLCLlND6ZaHaqMIc/Vyx0hgP6U50C+YQtEnjsqUdmJZzcYXaMY105txJ4+7wM928IQ0Mhu9jESNUSG4cWcFAsdrN81ulYXtsNQvduxXTxo5F5y043aVQypVJm4u1bgxqESckWUmioR/lGSknVDCd5S07wz6pzjafY17jPTj9k6iKj3HdJEqcApq7geZRYThbrCLRUHZE5i5TaTM8yhfrJRdHqrn2FvhPHBBghYqz3mt4ZXuaduZXvqhd+kWWBnu29ESd49VkB+Co3nfuBKjgH/AF45TkXH4Rcpjzm4T+N3lwv/xAAnEAEAAgICAQMEAwEBAAAAAAABABEhMUFRYTBxgUCRscGh0fAQ4f/aAAgBAQABPyH1NQe5g78DzOo9vH03CHxE2M8oXcWxki60ENz/ALEHFAc/SlPODo4JrE8movaHtECROJSRfB+kAOKPxymyJWOELb6eiKoDCM1F4WD3wv2+kI20vuT+vzFt2Eycsd538iLo3wlVOdwhx4fSMDBkwXiXwYgGo17hazH190aM1mYB4lK5st/B9JaQnv0c/iG8ijWjqCL4AQimwbOIZHycRktcr9FSn+rpV73X9orJzAlF554+8dOLkMPiUwOCoLVrzLGRsAfodARPQlDf3gbYKAeCbidXUC5ip+YaT7CbjiL4fwhRXbXocvghO29RGHCfQIHsP/CF+DP6i93M5zzLbo1oZiFaTuj4xcnGigi4DMThwQqF8MQX6cPmVUfPrvCVaT7QMqNg/wBUXuLFn/OJVf4M10S+ex7xGc0p4/cfxHeGfPUtqVErfLHm8G9UgDvUbDh/CVcyopN8xYv7eD9x5FTeK6gWDFmzf8wfclTp/wCIWtjAvbErXxTbHoNrA5t3WvaNh7fx6rmm4Q3drHzG7LnyLJXCQRrNJUkua7v93HaeypwcP4v7TFqUWexApOlw3BK5TQnOJ995Zap35hx8C+o6FJxi5fs8ZHzmleka/wCdS3RFXoUTfY79oHEW1OFt6xLXIVq7f1LjgiOFau5UAerfzGCoYuWorsfUpj4tE+XuVECN8fNxWTcVHvKgviM5eKGCw2A8oj2JouYwFvpf3EqkCgJVbTUx3jHuUCj5fymiIUPNK/b1ACx6ogeVcRdnHaSL2qyT744+0R6qp2EppEl1XmP1LC491qXAdlNr3MEY1FdMTEUy8hzcRKCYR5Q5vt3LlzR6wzEL7d7PtOucztcbi+2NIgwM8flKe2021gD+0xjxOorijjWQmfBKdqVrsPrBBbrMb1Sez5jiofHBCjro0eDGNQgi73nMQqoGqhlqy1umneKlcdblhjnc7sD1sKvkxFTNlmbOvcmkusGLrUQla2a0Hxr4hBks3mUL6Ane2CITI43ZuUWa5cb9zTNi2R4Hyf1HDFo8evci+gX7sZHu+JZzZph+WI9wo7ZS+cRZS1sZ7mq4LQvclPEdIkn+0rmYQu8TXtKKHgPWJVIq2nAZ+/zLu2mLuENb5g3mO0nOlrdjj+Ri5xoMxK3aw6gitqOoDg6DUuY/C2aQAUFB6y6xElX1McEwCH4lIeY8kbYRy6T2/wDpc4JYizfJS8S/2sbckoRh2xH7PaNDWpZ4x66BlWJxOGHJw94DWRz6jhGvpSiXtrll5TOOBGurh1LmzEVdQ1jzmU9Aeu1L4nZzmadzP4lWJ1TgLZrBtmc6/b1/4UvCGddYJqzX/ELg4RmHcqBBP8vk9L//2gAMAwEAAgADAAAAEAQQQQQVIAQQQQQQQQQRSgwQQQQQQQQQbHDgQQQQQQQQThD+gQQQQQQQasfqFywQQQQQRc/8bJXwQQQQQVsqUI+pAQQQQQf5n/bnRwQQQQQVQu6VzPgQQQQQQfW/3AawQQQQQQNOhwLgQQQQQQRacbuKQQQQQQQQXvIv3QQQQQf/xAAjEQEAAgIBBAMAAwAAAAAAAAABABEhMUEgMFFhcZGhEMHR/9oACAEDAQE/EOrNljZQ9uvt8Q6jSHnthV1f2J3l9ywt+O0C6lYKTmGH75hILg7IWiGCMrPJNJomlfYVLmWTgh3Q/bf9RdOItXBVAdeSrUyLYW1TAPPeD0TydTCJl1wGc7ljo9RGBiGtaEriVnbBZddLG5TzHLERLrf+kcxDhTFNOIbfrsJjl7x+zQt8pZNKnkjK7GpRdz1iUfczggcp3HOoLqJqL7LqGJflC55zBvfY2fw3CCusf//EACYRAQABAwMDBAMBAAAAAAAAAAERACExQVFhIDBxEIGRobHB8OH/2gAIAQIBAT8Q6Y6Blc/Rd2AoqNDa6RvIwTtDHNXJjKwi6YIYub8MT2orEmPZQHhk+RRAtTRt0Ph2yhSTiLUPMn3oRNXhhIaIIF4vBynavv8AUF0oFMuJhkP2Xw6UJtVMwZBVsN8Eyww9k9rgiSS9jMYjAjrUJtLSkYulMbrtZGW3RK3PlamRubUYW+EZHrxDInLge7BTFS6rut19KUSaKb60ExRX08cpBMaJol97dbzKzDqpZ7F/c2oW2o0iiEFcKhJUCJ/sdc8UqF1uQ4C3ERpUWtz/AJQJaCE5Na9BPFaBp9l78dcTILYQ1T85QK7tNkTAxGsmnFKZRs/po29I2oHJepPLQ+FEfR2BbUJMJeD5Tnk3oJZ+ShnJNOycVjOaPGJR4W+TL4TrHAISYU4TmDLGQjFKXT909k4xUG1JF6EhKkMxCG5rYbNuKBBAdaY0GfFCAgVY2o6BVj05JUns2fp7GVIX7egxT6Pp/wAPV//EACcQAQACAgEDBAIDAQEAAAAAAAEAESExQVFhcTCBkaFAscHR8OHx/9oACAEBAAE/EPUCE91igYC1VxLdDvPYTV21fT8ZciDjZYXBGAF0cYDEqKDIYE7n9wuI5BFZ0NNi0XvMwrqDFHD+KsBnnbCeNKXz2iJzXFaO1SqqJ3YlDZ8iskA8G3SSv7Pr8TUHcC7L2LlqCuBZHEQHDd2XCbsQIagSsXs4l+ADoHAvxFBqLUysickGeoys+CAKL7buY533GbVmzn4lZtYQaKhgljVcnWAc5J6c/dfH4l8ZBinWF9gjlTKJesH3FMowui1kROcvyxEHG729ooWukBaaKtAMuGHBaBfoP3+IZ6bHOpT7S01nW8i8nbcUWMLVRLh4yqmjzFwKWNZnL36Yj+FKOX8Iw+6Q/gICwboS/cRgiylCTtWCiuWpFHcFgNF0lzlTNSjR9QiTMRs6vQDPggtQA5B/BF5WQX1n4lsyoMday6fFRiC6AR851Ri3CcJ94ZncfuldPwwwZTJvlZORGWUlSA/OjL2I7SMEt6zi4DbVrUbui1YaYedik/A1spvhL/cqQYad4i0HJ3TxaCdq1BfeAq4hQiIyQFrLoDmJIhrILa72W4HjxK0CBELX4IqAdwi/Sfd9ZcG6gC6TuRCgGw4dY68YafHrBb0jC43TpaUFuLt7QtkW08bTElgqzkGorinFolHoVlepHQD1BBoDFm/HG4SczFocngXwOsqZN4hz02e8LcBah3JgQ3Oz4I3DVC24IyQrayzo/wB/fqsBsue8rBRogbQj9MslwJ4mYn+4wL5RUZDSm0lBp3gWKSw4bA9Vh1x1iQDgnoPAAD27wcin90OO1viV19ZofEdgE0q0gO7HjK7r+DsHPLb4RdETPS1+oFtGWVRdjIvniXABs5AWWSnjgIVCUT+c1/Ma9aSG1t1pzLcWPJAU78/CPorY3Inx2xgpGs4dhfiKmJynf7tW+xC4glq8BLzKgnTn0mPd6Q8iSq9Ev8YHGK/n1A7FCbL7HMQ9zHeCl1LKXwtwMr817wLa5DmFVNI2ZsEf4i/rYMpdmK5ziXlFXsCNloLznURLLKxoUL5oKIhFPgx5+j7fGUJebPiBDghPyfaLofHJ1Xdy+8dRgFzXMBKXWO3qXCJsq/IAvhnUytJezAWXsSy5GGlrbDk4gkWKZHUoLl+wh6n0xXhXw0x9WR4IMHt+06Sge5O3dFcvq7lSYEMBX+/1Q7JsFb/cAQ9DC3i+P/JQvjGZ5bMuRAsOW6lxsPCW9S3f0XCA3lAKHht+CXuWh75Vv5IwlVaZ7oeNoM5Y7MQ1IbEgQw5iYCpoWjXCxBMDcYF/7rqzbNn9Tl/uZkSvUaP+Z+opFB9whJkOAUHd5ipEOz5CYa2vgbiKVEF7tv6Pn1Pk8NMGmEQwO4Nl+Y6xkg+yGMV0iwGBEUt2j2ZugDheQ761rRQBgbMKe1SHf5h9wLlbX+phre66o+HZO9v+uMpsRPeGiwekUFIXHcoDN94wEDqs3AOK+MMfx6pmnDwnE4WLKagkgVatk7scazH5AUGjfwQphgzM0DVmGu3VlXhFoZTx7/62Nue1kfuNRBQD2v5uEBlte8BXoFVgc1xfOY5HCoYFHIw6uql/qIroj55+/WKyomF8ZlN6fBHijsoSMSF0SKDJ3ZfxNuMyVKXVo+xHJsEt0Ni9MJGJoUoq9KjwWx4SUWnzAALoI2KwdNx+SSBmtdhcOeiQiGIYsGM2uiskBGcuwbOfA+uuOJqbRkqUpcmJivWJQtc8YvFagrFFbcsNLrdVzF0OHJigXBJUFRAkNDSsHxNqrOiRymG6llvoJRx3hxAGgqzpLNcBZQ8wEJyWVnnoaxAbkM56v8fPrO+o1uEDanGhw6SxBZFYGPxgOymNGdlFRASGgNiK806FWJDB0LraZqqVuA9DzNRTaR3I7tretWJapl5og0w4VG6q77doZMCgCg9YpEsACt/BMpiQC6awHVle0B817japVcAprRzQ4cHMWCTdtxcMS0qCnmAfpptEYt2KPMy6Zu3i8dOkaQytNA/mWKucgqGAUCMxt/ag/tfXOMh+lGRI3NW9DQxY2MV0bAP9Ihx2cjzl27l1tzrB0H+YzKJOlxjnjLCABrEhAdTrHbfJMNhT8BDWbQfZR/Z660XpLAxirmeOCX1itujPeiHZ5OLjkKG8JA1U3W3zDFRZlgR0UduJY96W9e/p66rrWIbgNpECfYgLhA10CuoqUNZmpWeZWHwzzBKFvAzCBWXiYs7cyncuHpH/2Q==', 1, 'rodolfobrandao');
-- Inserção de Categorias
INSERT INTO public.metados_pagamentos (id, nome) VALUES(7, 'VOURCHER');
INSERT INTO public.metados_pagamentos (id, nome) VALUES(1, 'DINHEIRO');
INSERT INTO public.metados_pagamentos (id, nome) VALUES(2, 'CARTAO DEBITO');
INSERT INTO public.metados_pagamentos (id, nome) VALUES(3, 'CARTAO CREDITO');
INSERT INTO public.metados_pagamentos (id, nome) VALUES(4, 'PIX');
INSERT INTO public.metados_pagamentos (id, nome) VALUES(5, 'CREDIARIO');
INSERT INTO public.metados_pagamentos (id, nome) VALUES(6, 'CHEQUE');
INSERT INTO public.metados_pagamentos (id, nome) VALUES(8, 'VR SOFTWARE');

-- Inserção de Marcas
INSERT INTO public.marca (id, fabricante, nome) VALUES (1, 'NESTLE', 'MOÇA');
INSERT INTO public.marca (id, fabricante, nome) VALUES (11, 'COCA-COLA', 'COKE');
INSERT INTO public.marca (id, fabricante, nome) VALUES (12, 'PEPSI', 'PEPSI');
INSERT INTO public.marca (id, fabricante, nome) VALUES (13, 'UNILEVER', 'DOVE');
INSERT INTO public.marca (id, fabricante, nome) VALUES (14, 'P&G', 'PANTENE');
INSERT INTO public.marca (id, fabricante, nome) VALUES (15, 'JOHNSON & JOHNSON', 'BABY OIL');
INSERT INTO public.marca (id, fabricante, nome) VALUES (16, 'NESTLE', 'KITKAT');
INSERT INTO public.marca (id, fabricante, nome) VALUES (17, 'KELLOGGS', 'CORN FLAKES');
INSERT INTO public.marca (id, fabricante, nome) VALUES (18, 'MARS', 'SNICKERS');
INSERT INTO public.marca (id, fabricante, nome) VALUES (19, 'LOREAL', 'ELSEVE');
INSERT INTO public.marca (id, fabricante, nome) VALUES (20, 'COLGATE', 'COLGATE');
-- Inserção de Clientes
INSERT INTO public.cliente (id, ativo, bairro, cep, cidade, cpf_cnpj, data_alteracao, data_cadastro, data_exclusao, data_fechamento_fatura, data_nascimento, data_pagamento, data_vencimento, email, emitir_nota, estado, limite_credito, nome, numero, observacao, rg_ie, rua, telefone1, telefone2) VALUES
(1, true, 'Centro', '13480-000', 'Limeira', '123.456.789-00', '2024-07-30', '2024-01-15', NULL, '2024-08-05', '1985-05-20', '2024-08-01', '2024-08-10', 'joao.silva@example.com', true, 'SP', 5000.00, 'João Silva', '123', 'Cliente regular', 'MG-12.345.678', 'Rua das Flores', '(19) 3456-7890', '(19) 98765-4321'),
(2, true, 'Jardim Paulista', '01415-000', 'São Paulo', '987.654.321-00', '2024-07-30', '2024-02-20', NULL, '2024-08-05', '1990-11-15', '2024-08-05', '2024-08-15', 'maria.souza@example.com', true, 'SP', 10000.00, 'Maria Souza', '456', 'Cliente VIP', 'SP-98.765.432', 'Avenida Paulista', '(11) 2345-6789', '(11) 91234-5678'),
(3, true, 'Copacabana', '22060-002', 'Rio de Janeiro', '111.222.333-44', '2024-07-30', '2024-03-10', NULL, '2024-08-05', '1982-07-30', '2024-08-10', '2024-08-20', 'carlos.santos@example.com', true, 'RJ', 7500.00, 'Carlos Santos', '789', 'Cliente frequente', 'RJ-11.222.333', 'Rua Atlântica', '(21) 3456-7890', '(21) 98765-4321'),
(4, true, 'Savassi', '30140-000', 'Belo Horizonte', '444.555.666-77', '2024-07-30', '2024-04-05', NULL, '2024-08-05', '1975-03-25', '2024-08-15', '2024-08-25', 'ana.lima@example.com', true, 'MG', 6000.00, 'Ana Lima', '101', 'Cliente novo', 'MG-44.555.666', 'Rua Pernambuco', '(31) 2345-6789', '(31) 91234-5678'),
(5, true, 'Centro', '80010-000', 'Curitiba', '777.888.999-00', '2024-07-30', '2024-05-15', NULL, '2024-08-05', '1988-09-10', '2024-08-20', '2024-08-30', 'pedro.alves@example.com', true, 'PR', 8500.00, 'Pedro Alves', '202', 'Cliente regular', 'PR-77.888.999', 'Rua XV de Novembro', '(41) 3456-7890', '(41) 98765-4321'),
(6, true, 'Centro', '69010-000', 'Manaus', '222.333.444-55', '2024-07-30', '2024-06-25', NULL, '2024-08-05', '1995-12-05', '2024-08-25', '2024-09-05', 'juliana.martins@example.com', true, 'AM', 4000.00, 'Juliana Martins', '303', 'Cliente novo', 'AM-22.333.444', 'Avenida Eduardo Ribeiro', '(92) 2345-6789', '(92) 91234-5678'),
(7, true, 'Centro', '60010-000', 'Fortaleza', '555.666.777-88', '2024-07-30', '2024-07-01', NULL, '2024-08-05', '1983-04-18', '2024-08-30', '2024-09-10', 'roberto.oliveira@example.com', true, 'CE', 7000.00, 'Roberto Oliveira', '404', 'Cliente frequente', 'CE-55.666.777', 'Rua Dragão do Mar', '(85) 3456-7890', '(85) 98765-4321'),
(8, true, 'Centro', '90010-000', 'Porto Alegre', '888.999.000-11', '2024-07-30', '2024-07-15', NULL, '2024-08-05', '1978-06-22', '2024-09-05', '2024-09-15', 'fernanda.costa@example.com', true, 'RS', 9500.00, 'Fernanda Costa', '505', 'Cliente VIP', 'RS-88.999.000', 'Avenida Borges de Medeiros', '(51) 2345-6789', '(51) 91234-5678'),
(9, true, 'Centro', '66010-000', 'Belém', '333.444.555-66', '2024-07-30', '2024-08-01', NULL, '2024-08-05', '1992-01-30', '2024-09-10', '2024-09-20', 'marcos.pereira@example.com', true, 'PA', 5500.00, 'Marcos Pereira', '606', 'Cliente regular', 'PA-33.444.555', 'Avenida Nazaré', '(91) 3456-7890', '(91) 98765-4321'),
(10, true, 'Centro', '70010-000', 'Brasília', '666.777.888-99', '2024-07-30', '2024-08-10', NULL, '2024-08-05', '1987-08-12', '2024-09-15', '2024-09-25', 'luciana.fernandes@example.com', true, 'DF', 8000.00, 'Luciana Fernandes', '707', 'Cliente frequente', 'DF-66.777.888', 'Eixo Monumental', '(61) 2345-6789', '(61) 91234-5678');
-- Inserção de Produtos
INSERT INTO public.produto (id, ativo, atualizado_em, codigo_barras, criado_em, descricao, preco_venda, quantidade, tipo_embalagem, id_marca) VALUES
(1, true, '2024-07-30', '7891234567890', '2024-01-01', 'Leite Condensado Moça', 5.50, 100, 'Lata', 1),
(2, true, '2024-07-30', '7891234567891', '2024-01-02', 'Refrigerante Coca-Cola', 7.00, 200, 'Garrafa', 11),
(3, true, '2024-07-30', '7891234567892', '2024-01-03', 'Sabonete Dove', 3.50, 150, 'Barra', 13),
(4, true, '2024-07-30', '7891234567893', '2024-01-04', 'Shampoo Pantene', 12.00, 80, 'Frasco', 14),
(5, true, '2024-07-30', '7891234567894', '2024-01-05', 'Óleo Johnsons Baby', 15.00, 60, 'Frasco', 15),
(6, true, '2024-07-30', '7891234567895', '2024-01-06', 'Chocolate KitKat', 4.00, 120, 'Barra', 16),
(7, true, '2024-07-30', '7891234567896', '2024-01-07', 'Cereal Corn Flakes', 8.00, 90, 'Caixa', 17),
(8, true, '2024-07-30', '7891234567897', '2024-01-08', 'Barra de Chocolate Snickers', 3.00, 110, 'Barra', 18),
(9, true, '2024-07-30', '7891234567898', '2024-01-09', 'Condicionador Elseve', 10.00, 70, 'Frasco', 19),
(10, true, '2024-07-30', '7891234567899', '2024-01-10', 'Creme Dental Colgate', 6.00, 130, 'Tubo', 20);
